{"cameraMode":{"drawMode":0,"name":"Shaded","section":"Shading Mode"},"sceneLighting":false,"audioPlay":false,"sceneViewState":{"showFog":true,"showMaterialUpdate":false,"showSkybox":true,"showFlares":true,"showImageEffects":true,"showParticleSystems":true},"in2DMode":false,"pivot":{"x":-0.005932122468948364,"y":1.0000001192092896,"z":37.918914794921878},"rotation":{"x":0.7102528214454651,"y":0.006335174199193716,"z":-0.0063924482092261318,"w":0.7038891315460205},"size":3.747349977493286,"orthographic":false}